<application>
  <component name="com.intellij.ide.ui.customization.CustomActionsSchema">
    <group value="HTTP.Request.NewFile" is_action="true" action_type="-1" position="18">
      <path value="root" />
      <path value="Navigation Bar" />
      <path value="New" />
      <option name="myInitialPosition" value="-1" />
    </group>
    <group value="NewXmlDescriptor" is_group="true" action_type="-1" position="17">
      <path value="root" />
      <path value="Navigation Bar" />
      <path value="New" />
      <option name="myInitialPosition" value="-1" />
    </group>
    <group value="Dart.NewDartFile" is_action="true" action_type="-1" position="15">
      <path value="root" />
      <path value="Navigation Bar" />
      <path value="New" />
      <option name="myInitialPosition" value="-1" />
    </group>
    <group value="CreateVueSingleFileComp" is_action="true" action_type="-1" position="14">
      <path value="root" />
      <path value="Navigation Bar" />
      <path value="New" />
      <option name="myInitialPosition" value="-1" />
    </group>
    <group value="NewCoffeeScriptFile" is_action="true" action_type="-1" position="13">
      <path value="root" />
      <path value="Navigation Bar" />
      <path value="New" />
      <option name="myInitialPosition" value="-1" />
    </group>
    <group value="NewPugFile" is_action="true" action_type="-1" position="12">
      <path value="root" />
      <path value="Navigation Bar" />
      <path value="New" />
      <option name="myInitialPosition" value="-1" />
    </group>
    <group value="NewXml" is_group="true" action_type="-1" position="6">
      <path value="root" />
      <path value="Navigation Bar" />
      <path value="New" />
      <option name="myInitialPosition" value="-1" />
    </group>
    <group value="angularCliGenerate" is_action="true" action_type="-1" position="4">
      <path value="root" />
      <path value="Navigation Bar" />
      <path value="New" />
      <option name="myInitialPosition" value="-1" />
    </group>
    <group value="angularCliAdd" is_action="true" action_type="-1" position="3">
      <path value="root" />
      <path value="Navigation Bar" />
      <path value="New" />
      <option name="myInitialPosition" value="-1" />
    </group>
    <group value="NewXml" is_group="true" action_type="1" position="9">
      <path value="root" />
      <path value="Navigation Bar" />
      <path value="New" />
      <option name="myInitialPosition" value="-1" />
    </group>
  </component>
</application>