<keymap version="1" name="Default copy" parent="$default">
  <action id="CheckinProject">
    <keyboard-shortcut first-keystroke="shift ctrl up" />
  </action>
  <action id="DecrementWindowHeight" />
  <action id="Git.Pull">
    <keyboard-shortcut first-keystroke="shift ctrl down" />
  </action>
  <action id="IncrementWindowHeight" />
  <action id="Javascript.Linters.EsLint.Fix">
    <keyboard-shortcut first-keystroke="shift ctrl x" />
  </action>
  <action id="MoveStatementDown" />
  <action id="MoveStatementUp" />
  <action id="ResizeToolWindowDown" />
  <action id="ResizeToolWindowUp" />
  <action id="TsLintFileFixAction">
    <keyboard-shortcut first-keystroke="shift ctrl x" />
  </action>
  <action id="Vcs.Push" />
</keymap>