<profile version="1.0">
  <option name="myName" value="Default" />
  <inspection_tool class="AngularAmbiguousComponentTag" enabled="false" level="ERROR" enabled_by_default="false" />
  <inspection_tool class="AngularCliAddDependency" enabled="false" level="WARNING" enabled_by_default="false" />
  <inspection_tool class="AngularIncorrectTemplateDefinition" enabled="false" level="ERROR" enabled_by_default="false" />
  <inspection_tool class="AngularInsecureBindingToEvent" enabled="false" level="WARNING" enabled_by_default="false" />
  <inspection_tool class="AngularInvalidAnimationTriggerAssignment" enabled="false" level="ERROR" enabled_by_default="false" />
  <inspection_tool class="AngularInvalidEntryComponent" enabled="false" level="ERROR" enabled_by_default="false" />
  <inspection_tool class="AngularInvalidExpressionResultType" enabled="false" level="WARNING" enabled_by_default="false" />
  <inspection_tool class="AngularInvalidImportedOrDeclaredSymbol" enabled="false" level="ERROR" enabled_by_default="false" />
  <inspection_tool class="AngularInvalidSelector" enabled="false" level="ERROR" enabled_by_default="false" />
  <inspection_tool class="AngularInvalidTemplateReferenceVariable" enabled="false" level="ERROR" enabled_by_default="false" />
  <inspection_tool class="AngularMissingEventHandler" enabled="false" level="ERROR" enabled_by_default="false" />
  <inspection_tool class="AngularMissingOrInvalidDeclarationInModule" enabled="false" level="ERROR" enabled_by_default="false" />
  <inspection_tool class="AngularMultipleStructuralDirectives" enabled="false" level="ERROR" enabled_by_default="false" />
  <inspection_tool class="AngularNonEmptyNgContent" enabled="false" level="ERROR" enabled_by_default="false" />
  <inspection_tool class="AngularRecursiveModuleImportExport" enabled="false" level="ERROR" enabled_by_default="false" />
  <inspection_tool class="AngularUndefinedBinding" enabled="false" level="ERROR" enabled_by_default="false" />
  <inspection_tool class="AngularUndefinedModuleExport" enabled="false" level="ERROR" enabled_by_default="false" />
  <inspection_tool class="AngularUndefinedTag" enabled="false" level="ERROR" enabled_by_default="false" />
  <inspection_tool class="CoffeeScriptArgumentsOutsideFunction" enabled="false" level="WARNING" enabled_by_default="false" />
  <inspection_tool class="CoffeeScriptFunctionSignatures" enabled="false" level="WEAK WARNING" enabled_by_default="false" />
  <inspection_tool class="CoffeeScriptInfiniteLoop" enabled="false" level="WARNING" enabled_by_default="false" />
  <inspection_tool class="CoffeeScriptLiteralNotFunction" enabled="false" level="ERROR" enabled_by_default="false" />
  <inspection_tool class="CoffeeScriptModulesDependencies" enabled="false" level="WEAK WARNING" enabled_by_default="false" />
  <inspection_tool class="CoffeeScriptSillyAssignment" enabled="false" level="WARNING" enabled_by_default="false" />
  <inspection_tool class="CoffeeScriptSwitchStatementWithNoDefaultBranch" enabled="false" level="WARNING" enabled_by_default="false" />
  <inspection_tool class="CoffeeScriptUnusedLocalSymbols" enabled="false" level="WARNING" enabled_by_default="false" />
  <inspection_tool class="CucumberExamplesColon" enabled="false" level="ERROR" enabled_by_default="false" />
  <inspection_tool class="CucumberMissedExamples" enabled="false" level="ERROR" enabled_by_default="false" />
  <inspection_tool class="CucumberTableInspection" enabled="false" level="WARNING" enabled_by_default="false" />
  <inspection_tool class="CucumberUndefinedStep" enabled="false" level="WARNING" enabled_by_default="false" />
  <inspection_tool class="DartOutdatedDependencies" enabled="false" level="WARNING" enabled_by_default="false" />
  <inspection_tool class="DartPathPackageReference" enabled="false" level="WARNING" enabled_by_default="false" />
  <inspection_tool class="GherkinBrokenTableInspection" enabled="false" level="ERROR" enabled_by_default="false" />
  <inspection_tool class="GherkinMisplacedBackground" enabled="false" level="ERROR" enabled_by_default="false" />
  <inspection_tool class="GherkinScenarioToScenarioOutline" enabled="false" level="ERROR" enabled_by_default="false" />
  <inspection_tool class="HbEmptyBlock" enabled="false" level="WARNING" enabled_by_default="false" />
  <inspection_tool class="JadeTabsAndSpaces" enabled="false" level="ERROR" enabled_by_default="false" />
  <inspection_tool class="MeteorUnresolvedSymbol" enabled="false" level="WARNING" enabled_by_default="false" />
  <inspection_tool class="TsLint" enabled="true" level="WARNING" enabled_by_default="true" />
  <inspection_tool class="VueDataFunction" enabled="false" level="WARNING" enabled_by_default="false" />
  <inspection_tool class="VueDuplicateTag" enabled="false" level="WARNING" enabled_by_default="false" />
</profile>